Alter,Bildungsstand,Rauchen,gender,Herkunftsland,Mathematiknote,Statistiknote,wmsva14,Extraversion,Neurotizismus,Offenheit,Gewissenhaftigkeit,Vertr√§glichkeit,IQ,BDI,BDI_z2,BDI_c,bedingung,correct_items,confidence,numerical_ability
25,4,Nein,1,1,1,1,43,29,30,40,24,32,97.5,5,-0.05992640659570784,-0.33000000000000096,Kontroll,32.44428082295656,5.4727639220045905,9.106326931058856
28,5,Nein,1,1,1,2,31,26,32,17,15,38,95,4,-0.24152157809785227,-1.330000000000001,Kontroll,44.429666326957175,4.580742785749271,9.041742066823543
29,2,Ja,2,2,3,NA,40,21,28,39,33,24,97,1,-0.7863070926042856,-4.330000000000001,Experimental,18.756959973402218,2.140949305766275,7.705509916091817
23,4,Nein,1,1,4,5,49,30,27,20,42,36,101.5,1,-0.7863070926042856,-4.330000000000001,Kontroll,37.60158224691026,8.471110486907783,5.25107837287611
25,5,Nein,1,2,5,4,59,18,49,31,17,24,85.5,4,-0.24152157809785227,-1.330000000000001,Kontroll,14.5210609107795,1.1260379455890508,5.73675646259618
20,4,Nein,1,1,5,4,42,29,20,20,8,15,95,4,-0.24152157809785227,-1.330000000000001,Kontroll,29.485373634317703,3.691473753970075,4.002720988619124
20,4,Nein,2,1,4,3,45,40,22,34,43,24,103,2,-0.6047119211021411,-3.330000000000001,Kontroll,45.096733885554,1.7831523552696282,3.9935765789117763
23,4,Nein,2,1,5,3,50,9,39,15,19,24,98.5,12,1.2112397939193031,6.669999999999999,Experimental,37.98042891903232,4.90925883308817,4.475965895318996
65,5,Nein,2,1,3,3,17,25,33,33,24,21,108.5,5,-0.05992640659570784,-0.33000000000000096,Experimental,42.85671926270738,3.5278194397200227,5.262584857717922
20,5,Nein,1,2,5,5,26,18,34,13,46,28,84,5,-0.05992640659570784,-0.33000000000000096,Experimental,20.050826305406453,3.783236568912152,4.97712001872547
20,5,Nein,2,3,5,1,40,39,16,40,27,48,88,6,0.1216687649064366,0.669999999999999,Kontroll,18.935907538236503,3.1171665500006025,4.853368472762265
27,5,Nein,2,2,3,5,53,43,29,41,31,41,97.5,1,-0.7863070926042856,-4.330000000000001,Kontroll,27.0771656976358,4.902749385830925,6.148151861179272
24,2,Nein,1,1,5,NA,57,32,46,23,25,21,100.5,1,-0.7863070926042856,-4.330000000000001,Kontroll,35.337556534760566,5.443388722445103,4.515638998801251
33,4,Ja,1,1,2,2,83,43,23,32,50,29,104,9,0.6664542794128699,3.669999999999999,Experimental,33.45354262793614,5.146017615765474,7.432571193365655
29,4,Ja,1,1,1,1,46,38,16,33,40,40,97,1,-0.7863070926042856,-4.330000000000001,Experimental,27.08398085579207,8.323693412203976,8.542447462670888
22,4,Nein,1,3,2,2,27,30,30,31,45,37,105,7,0.303263936408581,1.669999999999999,Kontroll,38.84151592866548,5.888497293263988,8.96894927670222
28,4,Nein,2,1,1,1,61,21,41,32,27,27,94.5,3,-0.42311674959999673,-2.330000000000001,Experimental,33.44474712953928,5.930461920680189,7.792723350896054
29,5,Ja,2,1,2,1,65,34,14,41,44,17,108.5,0,-0.96790226410643,-5.330000000000001,Experimental,40.82908560586919,5.18547097650703,8.32441987247976
24,5,Nein,2,1,3,3,60,42,26,28,29,50,94.5,26,3.7535721949493257,20.67,Kontroll,40.25250544758126,5.859638874861204,8.289212913806137
20,4,Nein,1,1,5,5,52,16,36,17,6,38,83.5,15,1.7560253084257365,9.669999999999998,Kontroll,20.93252875084233,4.538311680236479,5.857045760925974
25,3,Ja,1,2,3,NA,56,21,40,29,20,5,102,5,-0.05992640659570784,-0.33000000000000096,Experimental,31.267716403864917,5.897231321899321,7.923257467967504
22,4,Ja,1,2,2,4,42,35,30,42,27,48,101,4,-0.24152157809785227,-1.330000000000001,Experimental,41.93558074118298,5.221836433377264,8.679109368921232
25,5,Nein,2,1,1,1,36,23,12,29,28,35,96.5,1,-0.7863070926042856,-4.330000000000001,Kontroll,27.51208025448484,3.551945295216398,8.702592386838749
38,4,Nein,1,2,1,2,68,18,33,24,39,23,100,1,-0.7863070926042856,-4.330000000000001,Kontroll,34.299822826942545,4.113306547545871,8.637734145762828
28,5,Nein,1,2,2,3,56,17,29,31,34,27,98,1,-0.7863070926042856,-4.330000000000001,Experimental,31.778848260851472,8.538045662612165,9.171386788490427
29,4,Nein,2,2,1,5,50,23,27,20,23,16,97,2,-0.6047119211021411,-3.330000000000001,Kontroll,37.35923898480325,7.549676465697919,9.317655374268616
28,5,Ja,2,2,2,5,75,49,1,29,34,43,99.5,11,1.0296446224171587,5.669999999999999,Experimental,43.56265927925167,4.030702827522447,7.546830614578958
38,5,Nein,2,1,1,1,48,36,23,28,36,35,95.5,9,0.6664542794128699,3.669999999999999,Kontroll,43.77897313210801,5.167740984994219,8.628129974852108
21,3,Nein,1,1,2,NA,42,33,23,34,30,31,106.5,4,-0.24152157809785227,-1.330000000000001,Kontroll,41.8938046791975,5.250909432903146,9.065556890845258
25,5,Nein,2,1,2,2,68,36,27,48,33,33,87.5,4,-0.24152157809785227,-1.330000000000001,Kontroll,11.388952288724282,0,7.775918503551946
29,4,Nein,1,4,3,2,75,39,19,19,31,35,101.5,1,-0.7863070926042856,-4.330000000000001,Kontroll,30.952608967459945,4.706459801236559,6.380850709151812
24,4,Nein,1,1,4,1,58,32,45,42,22,31,98,4,-0.24152157809785227,-1.330000000000001,Experimental,35.378259804706346,2.9247090231984982,6.479885687119149
45,4,Nein,2,1,1,4,40,21,46,20,17,17,86,21,2.845596337438603,15.669999999999998,Experimental,33.002231324568726,4.934503074590367,7.823255419942798
21,5,Ja,2,2,4,5,33,36,53,18,11,28,102,3,-0.42311674959999673,-2.330000000000001,Experimental,34.01184794285516,5.893860747646525,6.56280262019696
21,4,Nein,1,1,3,4,44,35,28,31,26,19,90,0,-0.96790226410643,-5.330000000000001,Kontroll,24.20855606803716,1.1736923677892366,3.5243557423026175
21,3,Nein,1,1,4,NA,34,32,33,15,24,22,113.5,13,1.3928349654214476,7.669999999999999,Experimental,41.24201420917804,5.776955551961658,5.747442323494953
23,4,Nein,1,2,1,2,64,12,25,23,37,35,102.5,7,0.303263936408581,1.669999999999999,Experimental,38.27041400251318,5.636906135917891,9.385913117657157
19,1,Nein,1,2,NA,NA,36,36,36,18,18,36,89,7,0.303263936408581,1.669999999999999,Kontroll,28.27173847063542,6.40737077482719,NA
30,5,Nein,1,1,2,4,60,38,26,35,35,36,96,2,-0.6047119211021411,-3.330000000000001,Experimental,29.063478382539984,6.4904374641135405,8.550550598466161
31,5,Nein,2,4,1,4,60,27,38,48,42,29,109,1,-0.7863070926042856,-4.330000000000001,Kontroll,28.120109187465435,9,8.944472469618699
20,2,Ja,2,2,5,NA,39,10,28,28,20,20,90.5,8,0.48485910791072545,2.669999999999999,Experimental,28.77673692227813,5.618794908723226,6.633139569918882
27,3,Nein,1,1,1,NA,43,6,36,16,26,27,92.5,19,2.482405994434314,13.669999999999998,Kontroll,28.053276255585217,6.696706235201285,8.395950714693267
29,5,Nein,1,3,4,5,27,40,36,40,34,26,94,11,1.0296446224171587,5.669999999999999,Kontroll,32.78520615963332,5.445856448500106,3.8183320554171836
22,3,Nein,2,1,5,NA,42,19,38,36,35,26,79.5,1,-0.7863070926042856,-4.330000000000001,Experimental,10,1.1024101839412368,4.819959080892154
20,3,Nein,1,1,5,NA,32,26,30,46,35,22,88.5,9,0.6664542794128699,3.669999999999999,Experimental,25.669177033350397,6.244531169638252,6.121696714143736
31,4,Nein,2,2,5,5,44,14,39,26,31,26,105,14,1.574430136923592,8.669999999999998,Kontroll,50,3.2610027405790696,5.414826329877759
27,4,Ja,1,1,1,2,72,32,45,28,32,34,103,2,-0.6047119211021411,-3.330000000000001,Experimental,37.50807450533079,7.913233989523465,8.980926305017038
42,2,Nein,3,1,3,NA,80,43,34,19,25,23,95.5,8,0.48485910791072545,2.669999999999999,Kontroll,29.66845097264354,6.290397233530613,6.150301783421455
31,5,Nein,1,2,1,1,51,22,15,44,29,37,101.5,1,-0.7863070926042856,-4.330000000000001,Kontroll,47.61275499663336,3.348173692089398,10.251940284291239
24,4,Nein,1,1,4,5,38,17,51,9,23,29,92,0,-0.96790226410643,-5.330000000000001,Kontroll,41.547083034504155,4.44154731656817,5.534614666419634
35,4,NA,2,2,2,2,91,35,21,29,51,33,105,16,1.937620479927881,10.669999999999998,NA,36.958689181767056,7.09904165108287,7.761777963147084
66,4,Nein,2,1,4,2,17,40,26,34,30,43,94.5,7,0.303263936408581,1.669999999999999,Kontroll,39.388697132252915,5.476382628609528,5.6347950185378295
22,5,Ja,2,1,4,2,43,36,34,24,21,36,105,1,-0.7863070926042856,-4.330000000000001,Experimental,40.05878448411251,5.8765779125427064,4.858302598397447
23,4,Nein,2,2,2,1,45,43,26,37,38,41,85.5,4,-0.24152157809785227,-1.330000000000001,Experimental,24.504315301229227,5.740045171864429,9.837805471400136
19,4,Nein,2,2,3,2,70,34,33,35,43,57,92.5,0,-0.96790226410643,-5.330000000000001,Experimental,30.119183774145903,4.604460178843709,7.404177378436508
27,4,Ja,2,2,2,3,50,34,17,19,14,11,98.5,13,1.3928349654214476,7.669999999999999,Experimental,32.908222198254016,2.669736736717047,8.664650469662678
26,5,Nein,1,2,2,4,51,22,11,31,33,39,100,1,-0.7863070926042856,-4.330000000000001,Kontroll,24.978357137175323,5.162335393318981,7.270600168605597
30,5,Nein,2,3,2,2,45,27,43,38,47,42,119,5,-0.05992640659570784,-0.33000000000000096,Kontroll,45.26538575243715,5.306705066410652,8.212678270680588
21,4,Ja,2,1,4,5,40,28,34,29,29,20,97.5,11,1.0296446224171587,5.669999999999999,Experimental,35.95898844312906,5.466567617757415,5.140661813094493
37,5,Ja,2,2,3,4,76,57,22,57,40,50,101.5,9,0.6664542794128699,3.669999999999999,Experimental,37.70488393974219,6.207265833321358,7.059512835855955
33,5,Nein,1,1,1,2,59,30,29,40,40,41,103.5,1,-0.7863070926042856,-4.330000000000001,Kontroll,31.243999621659405,7.802571864016789,9.561353473186493
27,4,Nein,1,1,2,2,57,48,26,36,30,35,87.5,8,0.48485910791072545,2.669999999999999,Kontroll,33.391621646670075,4.959701259937984,7.087692420042609
23,2,Nein,2,2,3,NA,20,42,13,21,26,24,101,4,-0.24152157809785227,-1.330000000000001,Kontroll,44.528667804476704,4.824570617205088,6.643281461148407
19,1,Ja,2,3,NA,NA,24,19,44,4,15,23,100,0,-0.96790226410643,-5.330000000000001,Experimental,35.6961307398192,7.309322519341884,NA
33,5,Nein,1,1,2,4,38,44,22,35,32,55,104.5,3,-0.42311674959999673,-2.330000000000001,Kontroll,43.257291580392504,6.3837863409958135,8.17783023526721
35,5,Nein,2,1,1,1,56,37,19,37,39,34,109.5,2,-0.6047119211021411,-3.330000000000001,Experimental,30.81153914239661,4.345872845450738,9.748767227165482
20,4,Ja,1,1,5,2,49,18,36,35,15,18,107.5,5,-0.05992640659570784,-0.33000000000000096,Experimental,26.279886826257712,2.472681148599242,5.797401384034675
24,5,Nein,2,2,1,1,46,31,21,33,28,27,103,0,-0.96790226410643,-5.330000000000001,Experimental,46.775711148078315,1.1514475279999266,7.305251297171836
26,2,Nein,1,2,1,NA,37,18,42,28,26,29,95.5,11,1.0296446224171587,5.669999999999999,Kontroll,20.349812835935,3.949384838893506,6.082048680336213
22,3,Nein,2,4,3,NA,53,19,31,19,19,40,101,14,1.574430136923592,8.669999999999998,Kontroll,27.701420177545796,4.139286730757803,6.103876890933629
23,4,Nein,2,3,5,4,43,34,13,42,41,18,93.5,2,-0.6047119211021411,-3.330000000000001,Kontroll,25.116037006064495,4.767911246541841,6.432299107575481
26,5,Ja,2,2,2,4,54,36,22,41,32,40,94,1,-0.7863070926042856,-4.330000000000001,Experimental,26.94940165392944,7.099701959585496,7.319182325124647
36,4,Nein,1,1,4,1,77,38,37,27,35,28,90,5,-0.05992640659570784,-0.33000000000000096,Kontroll,22.348969930454675,2.4078695772196244,5.109159704046096
18,3,Nein,1,1,4,NA,53,26,34,38,34,32,92,6,0.1216687649064366,0.669999999999999,Kontroll,30.86106919762413,6.691812566821232,6.724324510452373
20,4,NA,2,2,2,4,58,24,32,23,33,31,98.5,1,-0.7863070926042856,-4.330000000000001,NA,28.70384853047953,6.77739502681118,7.795019639824112
26,3,Nein,1,1,3,NA,35,17,21,37,34,38,106.5,10,0.8480494509150144,4.669999999999999,Experimental,36.54528804706126,5.376051970364676,4.930349686308063
19,3,Nein,1,1,5,NA,38,18,47,15,26,4,87,5,-0.05992640659570784,-0.33000000000000096,Kontroll,21.206430184877437,4.396186673493743,4.144144646474093
24,3,Ja,1,1,5,NA,30,29,43,16,24,25,85.5,3,-0.42311674959999673,-2.330000000000001,Experimental,36.03694965717452,4.743598861492079,5.7887013144565636
23,5,Ja,1,2,3,3,43,35,26,24,31,18,97.5,1,-0.7863070926042856,-4.330000000000001,Experimental,38.833933206287405,5.417370610749103,7.151690873761467
20,5,Nein,1,2,5,5,38,42,30,34,24,29,93,2,-0.6047119211021411,-3.330000000000001,Kontroll,32.455581742199016,3.630298120675819,5.477280823921944
19,4,Nein,2,2,5,1,40,39,49,40,34,23,93.5,3,-0.42311674959999673,-2.330000000000001,Kontroll,33.134977501439245,4.6224863086512675,5.262013314708746
32,3,Nein,1,2,4,NA,63,32,32,18,29,36,105.5,10,0.8480494509150144,4.669999999999999,Kontroll,44.66985135070737,3.7333891990370462,6.7536913171328
18,5,Ja,2,1,4,4,32,23,33,42,36,33,102,9,0.6664542794128699,3.669999999999999,Experimental,27.933638097316432,6.7492658275765045,5.364232803680029
21,5,Ja,2,1,2,1,39,20,44,36,24,24,94.5,0,-0.96790226410643,-5.330000000000001,Experimental,21.267470711342806,2.965201391748393,8.02210297636174
65,5,Nein,2,1,2,1,14,44,24,29,45,39,88.5,1,-0.7863070926042856,-4.330000000000001,Experimental,24.062390834359125,5.623291465673612,6.368273889120076
32,1,Nein,1,1,NA,NA,48,38,16,37,23,10,96.5,0,-0.96790226410643,-5.330000000000001,Kontroll,33.91170301810196,4.370415621283675,NA
19,4,Nein,2,2,4,4,22,23,34,14,9,12,85.5,13,1.3928349654214476,7.669999999999999,Kontroll,25.91191532920047,4.720701497059274,4.245523953977491
23,4,Nein,1,2,2,1,60,22,37,28,22,13,92.5,4,-0.24152157809785227,-1.330000000000001,Experimental,33.16761024512776,7.204535222463158,7.924114141654375
27,4,Nein,2,2,4,2,66,46,22,27,37,28,101.5,5,-0.05992640659570784,-0.33000000000000096,Kontroll,36.33529877429309,4.688645953813586,7.505520664644809
31,5,Nein,1,2,1,1,53,36,31,30,20,31,101.5,2,-0.6047119211021411,-3.330000000000001,Experimental,26.669560948936788,3.9562335489075737,8.357578199337969
19,5,Nein,1,1,5,3,50,23,28,29,28,32,94,0,-0.96790226410643,-5.330000000000001,Kontroll,37.06756055790699,4.6494576635037905,4.4026536762642134
29,5,Nein,2,2,2,1,62,44,18,53,40,33,97,2,-0.6047119211021411,-3.330000000000001,Kontroll,34.62432022871542,6.588652293195209,8.394928661941057
22,3,Ja,1,2,2,NA,15,29,31,26,37,26,83.5,0,-0.96790226410643,-5.330000000000001,Experimental,29.92504727235175,6.549533596508259,8.504469685303398
22,3,Ja,3,2,5,NA,44,24,31,46,45,37,79,5,-0.05992640659570784,-0.33000000000000096,Experimental,30.494255079116396,6.645449800938193,6.836015232594287
31,4,Nein,2,2,4,2,84,18,18,26,10,29,92.5,2,-0.6047119211021411,-3.330000000000001,Experimental,26.835213965465655,5.083027456895316,5.841421487920105
30,5,Nein,2,1,3,3,58,34,36,14,49,33,87,4,-0.24152157809785227,-1.330000000000001,Kontroll,25.635896463236215,7.203116417580104,5.7264741197653315
24,2,Nein,1,1,5,NA,62,38,20,41,15,32,98,27,3.9351673664514695,21.67,Experimental,35.726820547146865,5.337740174668246,4.403473077884662
31,5,Ja,2,3,2,3,78,37,28,36,48,34,99.5,5,-0.05992640659570784,-0.33000000000000096,Experimental,22.028338296737864,6.125630083127574,6.333034801122535
24,5,Nein,1,1,3,2,62,26,36,25,33,34,95,2,-0.6047119211021411,-3.330000000000001,Kontroll,31.10636074052299,7.082708848087873,7.77148786256074
26,3,Nein,1,1,1,NA,53,33,36,27,33,35,111,2,-0.6047119211021411,-3.330000000000001,Kontroll,44.770586687550335,4.84181908797061,10.363041871311749
